Method,Task,Trainable %,eval_loss,eval_rouge1,eval_rouge2,eval_rougeL,eval_rougeLsum,eval_runtime,eval_samples_per_second,eval_steps_per_second
PREFIX,Summarization,0.0,3.4704158306121826,0.11548012247541559,0.02380258146602574,0.09347361316455369,0.09337791134767255,209.6204,3.907,0.248
PREFIX,Ablated_no_proj_summarization,0.0,3.2309653759002686,0.26453372091285743,0.10692253428444431,0.20963545006250717,0.2094963396646513,209.1672,3.916,0.249
