Method,Task,Trainable %,eval_accuracy,eval_f1,eval_loss,eval_rouge1,eval_rouge2,eval_rougeL,eval_rougeLsum,eval_runtime,eval_samples_per_second,eval_steps_per_second
PREFIX,Classification,0.0,0.5862831858407079,0.7391910739191074,5.39505672454834,,,,,34.2526,53.164,3.328
PREFIX,Summarization,0.0,,,6.259641170501709,0.17400019667839173,0.028964121521960387,0.15062747200819487,0.15045349689858767,160.6447,5.098,0.324
PREFIX,Ablated_no_proj_classification,0.0,0.4834070796460177,0.651752423564504,4.655141830444336,,,,,33.9613,53.62,3.357
PREFIX,Ablated_no_proj_summarization,0.0,,,5.244669437408447,0.23049130140589016,0.07214349744493015,0.19647820942853073,0.1962533977256299,118.4249,6.916,0.439
